{"cameraMode":{"drawMode":0,"name":"Shaded","section":"Shading Mode"},"sceneLighting":true,"audioPlay":false,"sceneViewState":{"m_AlwaysRefresh":false,"showFog":true,"showSkybox":true,"showFlares":true,"showImageEffects":true,"showParticleSystems":true,"showVisualEffectGraphs":true,"m_FxEnabled":true},"in2DMode":false,"pivot":{"x":1247.85205078125,"y":405.1541748046875,"z":1183.098388671875},"rotation":{"x":0.005391922779381275,"y":0.047352347522974017,"z":-0.00025027318042702973,"w":0.998908281326294},"size":985.980712890625,"orthographic":false}