{"cameraMode":{"drawMode":0,"name":"Shaded","section":"Shading Mode"},"sceneLighting":true,"audioPlay":false,"sceneViewState":{"m_AlwaysRefresh":false,"showFog":true,"showSkybox":true,"showFlares":true,"showImageEffects":true,"showParticleSystems":true,"showVisualEffectGraphs":true,"m_FxEnabled":true},"in2DMode":false,"pivot":{"x":17.267658233642579,"y":-19.048885345458986,"z":42.274986267089847},"rotation":{"x":0.20840129256248475,"y":0.12866808474063874,"z":-0.027702756226062776,"w":0.9691777229309082},"size":26.466537475585939,"orthographic":false}