{"cameraMode":{"drawMode":0,"name":"Shaded","section":"Shading Mode"},"sceneLighting":false,"audioPlay":false,"sceneViewState":{"m_AlwaysRefresh":false,"showFog":true,"showSkybox":false,"showFlares":true,"showImageEffects":true,"showParticleSystems":true,"showVisualEffectGraphs":true,"m_FxEnabled":true},"in2DMode":false,"pivot":{"x":-0.022864868864417077,"y":2.5606327056884767,"z":-1.9606873989105225},"rotation":{"x":0.3291448652744293,"y":-7.926425382720481e-8,"z":-2.0235425779446815e-7,"w":0.9442787170410156},"size":0.8914132118225098,"orthographic":false}