{"cameraMode":{"drawMode":0,"name":"Shaded","section":"Shading Mode"},"sceneLighting":false,"audioPlay":false,"sceneViewState":{"m_AlwaysRefresh":false,"showFog":true,"showSkybox":false,"showFlares":true,"showImageEffects":true,"showParticleSystems":true,"showVisualEffectGraphs":true,"m_FxEnabled":true},"in2DMode":false,"pivot":{"x":-7.686895370483398,"y":0.9839968681335449,"z":0.8547081351280212},"rotation":{"x":0.6833248138427734,"y":0.009856096468865872,"z":-0.009224680252373219,"w":0.7299818396568298},"size":1.7211204767227173,"orthographic":false}