{"cameraMode":{"drawMode":0,"name":"Shaded","section":"Shading Mode"},"sceneLighting":false,"audioPlay":false,"sceneViewState":{"m_AlwaysRefresh":false,"showFog":true,"showSkybox":false,"showFlares":true,"showImageEffects":true,"showParticleSystems":true,"showVisualEffectGraphs":true,"m_FxEnabled":true},"in2DMode":false,"pivot":{"x":-1.7881393432617188e-7,"y":0.16560134291648866,"z":-0.00000864267349243164},"rotation":{"x":0.1869395524263382,"y":0.38657253980636599,"z":-0.08034844696521759,"w":0.8995808362960815},"size":0.9710994958877564,"orthographic":false}