{"cameraMode":{"drawMode":0,"name":"Shaded","section":"Shading Mode"},"sceneLighting":false,"audioPlay":false,"sceneViewState":{"m_AlwaysRefresh":false,"showFog":true,"showSkybox":false,"showFlares":true,"showImageEffects":true,"showParticleSystems":true,"showVisualEffectGraphs":true,"m_FxEnabled":true},"in2DMode":false,"pivot":{"x":-1.7881393432617188e-7,"y":0.10668843984603882,"z":-0.00000864267349243164},"rotation":{"x":-0.13454079627990724,"y":0.8218575119972229,"z":-0.21714454889297486,"w":-0.5092142224311829},"size":0.931708037853241,"orthographic":false}